日付,曜日,シフト,始業,終業
10/20,月曜日,a勤務,9:00,17:45
10/21,火曜日,A勤務,9:00,17:45
10/22,水曜日,夜勤,17:00,0:00
10/23,木曜日,夜勤（明け）,0:00,9:30
10/24,金曜日,休み,,
10/25,土曜日,休み,,
10/26,日曜日,A勤務,9:00,17:45
10/27,月曜日,夜勤,17:00,0:00
10/28,火曜日,夜勤（明け）,0:00,9:30
10/29,水曜日,休み,,
10/30,木曜日,a勤務,9:00,17:45
10/31,金曜日,A勤務,9:00,17:45
11/1,土曜日,夜勤,17:00,0:00
11/2,日曜日,夜勤（明け）,0:00,9:30
11/3,月曜日,休み,,
11/4,火曜日,a勤務,9:00,17:45
11/5,水曜日,A勤務,9:00,17:45
11/6,木曜日,夜勤,17:00,0:00
11/7,金曜日,夜勤（明け）,0:00,9:30
11/8,土曜日,休み,,
11/9,日曜日,休み,,
11/10,月曜日,a勤務,9:00,17:45
11/11,火曜日,夜勤,17:00,0:00
11/12,水曜日,夜勤（明け）,0:00,9:30
11/13,木曜日,休み,,
11/14,金曜日,休み,,
11/15,土曜日,A勤務,9:00,17:45
11/16,日曜日,夜勤,17:00,0:00
11/17,月曜日,夜勤（明け）,0:00,9:30
11/18,火曜日,休み,,
11/19,水曜日,a勤務,9:00,17:45
11/20,木曜日,A勤務,9:00,17:45
11/21,金曜日,,,
11/22,土曜日,,,
11/23,日曜日,,,
11/24,月曜日,,,
11/25,火曜日,,,
11/26,水曜日,,,
11/27,木曜日,,,
11/28,金曜日,,,
11/29,土曜日,,,
11/30,日曜日,,,
12/1,月曜日,,,
12/2,火曜日,,,
12/3,水曜日,,,
12/4,木曜日,,,
12/5,金曜日,,,
12/6,土曜日,,,
12/7,日曜日,,,
12/8,月曜日,,,
12/9,火曜日,,,
12/10,水曜日,,,
12/11,木曜日,,,
12/12,金曜日,,,
12/13,土曜日,,,
12/14,日曜日,,,
12/15,月曜日,,,
12/16,火曜日,,,
12/17,水曜日,,,
12/18,木曜日,,,
12/19,金曜日,,,
12/20,土曜日,,,
12/21,日曜日,,,
12/22,月曜日,,,
12/23,火曜日,,,
12/24,水曜日,,,
12/25,木曜日,,,
12/26,金曜日,,,
12/27,土曜日,,,
12/28,日曜日,,,
12/29,月曜日,,,
12/30,火曜日,,,
12/31,水曜日,,,
1/1,木曜日,,,
1/2,金曜日,,,
1/3,土曜日,,,
1/4,日曜日,,,
1/5,月曜日,,,
1/6,火曜日,,,
1/7,水曜日,,,
1/8,木曜日,,,
1/9,金曜日,,,
1/10,土曜日,,,